evaluated_session,train_start,baseline_loss_SPY,model_loss_SPY,train_end,train_sessions,train_rows,evaluation_rows,alpha,baseline_loss,model_loss,baseline_rmse,model_rmse,model_within_spread,baseline_within_spread,learned_coverage
2023-06-12,2023-01-04,8.999879670689542e-06,1.3601496084297094e-05,2023-06-07,60,6476,65,1.0,8.999879670689542e-06,1.3601496084297094e-05,0.00299997994504789,0.0036880206187461986,0.015384615384615385,0.06153846153846154,1.0
2023-06-14,2023-01-04,1.3493297691158334e-05,1.3898166628348602e-05,2023-06-09,61,6564,90,1.0,1.3493297691158334e-05,1.3898166628348602e-05,0.0036733224322346566,0.003728024494065,0.16666666666666666,0.1,1.0
2023-06-16,2023-01-04,9.091787902776768e-06,9.41355526988345e-06,2023-06-12,62,6629,112,1.0,9.091787902776768e-06,9.41355526988345e-06,0.0030152591767171138,0.00306815176773957,0.09821428571428571,0.08928571428571429,1.0
2023-06-21,2023-01-04,1.0302933279093649e-05,9.270512668211495e-06,2023-06-14,63,6719,102,100.0,1.0302933279093649e-05,9.270512668211495e-06,0.0032098182626269746,0.0030447516595301324,0.0784313725490196,0.049019607843137254,1.0
2023-06-23,2023-01-04,8.599776983253934e-06,7.838854061607433e-06,2023-06-16,64,6831,108,100.0,8.599776983253934e-06,7.838854061607433e-06,0.002932537635436915,0.0027997953606661028,0.05555555555555555,0.009259259259259259,1.0
2023-06-26,2023-01-04,1.0223127923528404e-05,9.849169266532387e-06,2023-06-21,65,6933,90,100.0,1.0223127923528404e-05,9.849169266532387e-06,0.003197362651237486,0.003138338615658353,0.06666666666666667,0.03333333333333333,1.0
2023-06-28,2023-01-04,8.44099279039523e-06,9.304570200117235e-06,2023-06-23,66,7041,97,1.0,8.44099279039523e-06,9.304570200117235e-06,0.0029053386705159227,0.003050339358189058,0.030927835051546393,0.010309278350515464,1.0
2023-06-30,2023-01-04,5.7140367613703005e-06,6.775714231198857e-06,2023-06-26,67,7131,104,0.01,5.7140367613703005e-06,6.775714231198857e-06,0.0023904051458634164,0.002603020213367322,0.0673076923076923,0.009615384615384616,1.0
2023-07-05,2023-01-04,6.198500296917232e-06,6.131841941095689e-06,2023-06-28,68,7228,97,0.01,6.198500296917232e-06,6.131841941095689e-06,0.0024896787537586514,0.0024762556291901064,0.061855670103092786,0.010309278350515464,1.0
2023-07-07,2023-01-04,7.843617580625163e-06,6.745902417139011e-06,2023-06-30,69,7332,109,1.0,7.843617580625163e-06,6.745902417139011e-06,0.0028006459220374794,0.0025972875114509387,0.045871559633027525,0.01834862385321101,1.0
2023-07-10,2023-01-04,7.634934452472566e-06,6.492013533951647e-06,2023-07-05,70,7429,85,1.0,7.634934452472566e-06,6.492013533951647e-06,0.002763138514890733,0.0025479430005303587,0.023529411764705882,0.023529411764705882,1.0
2023-07-12,2023-01-04,1.1852363360441156e-05,9.981497758259423e-06,2023-07-07,71,7538,98,0.01,1.1852363360441156e-05,9.981497758259423e-06,0.003442726152403231,0.0031593508444393167,0.030612244897959183,0.02040816326530612,1.0
2023-07-14,2023-01-04,4.414544912646616e-06,5.704937638725741e-06,2023-07-10,72,7623,99,0.01,4.414544912646616e-06,5.704937638725741e-06,0.002101081843395591,0.0023885011280562,0.2828282828282828,0.10101010101010101,1.0
2023-07-17,2023-01-04,1.0720828046554287e-05,8.814970885731144e-06,2023-07-12,73,7721,88,0.01,1.0720828046554287e-05,8.814970885731144e-06,0.0032742675587914753,0.0029690016648245827,0.10227272727272728,0.045454545454545456,1.0
2023-07-19,2023-01-04,9.450484177189221e-06,7.406108173895333e-06,2023-07-14,74,7820,101,100.0,9.450484177189221e-06,7.406108173895333e-06,0.003074163980204898,0.0027214165748549657,0.0297029702970297,0.019801980198019802,1.0
2023-07-21,2023-01-04,8.055339915020542e-06,6.730796439011237e-06,2023-07-17,75,7908,109,100.0,8.055339915020542e-06,6.730796439011237e-06,0.0028381930721888076,0.0025943778520121615,0.03669724770642202,0.01834862385321101,1.0
2023-07-24,2023-01-04,9.366934333967345e-06,7.5877749368955e-06,2023-07-19,76,8009,91,100.0,9.366934333967345e-06,7.5877749368955e-06,0.0030605447773178135,0.002754591609820864,0.054945054945054944,0.01098901098901099,1.0
2023-07-26,2023-01-04,9.205727293707092e-06,7.942297645320188e-06,2023-07-21,77,8118,97,100.0,9.205727293707092e-06,7.942297645320188e-06,0.003034094147139652,0.0028182082331368254,0.07216494845360824,0.030927835051546393,1.0
2023-07-28,2023-01-04,7.026654564768734e-06,5.695412991169771e-06,2023-07-24,78,8209,105,100.0,7.026654564768734e-06,5.695412991169771e-06,0.002650783764241952,0.0023865064406302723,0.0380952380952381,0.01904761904761905,1.0
2023-07-31,2023-01-04,7.393502369178623e-06,5.819349086385959e-06,2023-07-26,79,8306,89,1.0,7.393502369178623e-06,5.819349086385959e-06,0.0027190995511710532,0.0024123327064038986,0.033707865168539325,0.033707865168539325,1.0
2023-08-02,2023-01-04,1.3608372352294433e-05,5.10383856725051e-06,2023-07-28,80,8411,97,1.0,1.3608372352294433e-05,5.10383856725051e-06,0.003688952744654563,0.0022591676713450267,0.041237113402061855,0.030927835051546393,1.0
2023-08-04,2023-01-04,1.1881355274527388e-05,4.46944547462179e-06,2023-07-31,81,8500,120,100.0,1.1881355274527388e-05,4.46944547462179e-06,0.00344693418482677,0.0021141063063672533,0.041666666666666664,0.016666666666666666,1.0
2023-08-07,2023-01-04,9.696288746970343e-06,4.2130949988245e-06,2023-08-02,82,8597,103,0.01,9.696288746970343e-06,4.2130949988245e-06,0.0031138864377125803,0.002052582519370293,0.019417475728155338,0.019417475728155338,1.0
2023-08-09,2023-01-04,1.3179235411796563e-05,5.199004838165074e-06,2023-08-04,83,8717,95,0.01,1.3179235411796563e-05,5.199004838165074e-06,0.003630321667813551,0.0022801326360905134,0.08421052631578947,0.042105263157894736,1.0
2023-08-11,2023-01-04,7.616548138479715e-06,3.4300836449399304e-06,2023-08-07,84,8820,107,0.01,7.616548138479715e-06,3.4300836449399304e-06,0.0027598094387982146,0.0018520484996187143,0.028037383177570093,0.028037383177570093,1.0
2023-08-14,2023-01-04,7.202424096651675e-06,3.5211386439112784e-06,2023-08-09,85,8915,92,0.01,7.202424096651675e-06,3.5211386439112784e-06,0.0026837332387276637,0.00187646972901544,0.05434782608695652,0.03260869565217391,1.0
2023-08-16,2023-01-04,1.9017050080874023e-05,4.308030074846209e-06,2023-08-11,86,9022,106,0.01,1.9017050080874023e-05,4.308030074846209e-06,0.004360854283380038,0.0020755794551994894,0.05660377358490566,0.0,1.0
2023-08-18,2023-01-04,1.5755238234802675e-05,3.1659736194212794e-06,2023-08-14,87,9114,119,1.0,1.5755238234802675e-05,3.1659736194212794e-06,0.00396928686728519,0.001779318301884539,0.12605042016806722,0.008403361344537815,1.0
2023-08-21,2023-01-04,1.4207145412322674e-05,3.142429068518887e-06,2023-08-16,88,9220,118,1.0,1.4207145412322674e-05,3.142429068518887e-06,0.0037692367148167644,0.0017726897834981978,0.1694915254237288,0.09322033898305085,1.0
2023-08-23,2023-01-04,1.2352549857765522e-05,3.0619501088295704e-06,2023-08-18,89,9339,101,1.0,1.2352549857765522e-05,3.0619501088295704e-06,0.0035146194470761015,0.0017498428811837852,0.3564356435643564,0.22772277227722773,1.0
2023-08-25,2023-01-04,9.619125313399477e-06,2.8857937006073633e-06,2023-08-21,90,9457,111,1.0,9.619125313399477e-06,2.8857937006073633e-06,0.003101471475509565,0.0016987624026353313,0.25225225225225223,0.12612612612612611,1.0
2023-08-28,2023-01-04,8.09638554465312e-06,3.4527331467804847e-06,2023-08-23,91,9558,99,1.0,8.09638554465312e-06,3.4527331467804847e-06,0.002845414828219801,0.0018581531548234889,0.2727272727272727,0.12121212121212122,1.0
2023-08-30,2023-01-04,6.365882248756716e-06,5.123815630442626e-06,2023-08-25,92,9669,98,1.0,6.365882248756716e-06,5.123815630442626e-06,0.0025230700047277157,0.0022635846859445363,0.21428571428571427,0.1326530612244898,1.0
2023-09-01,2023-01-04,9.042730225836437e-06,8.509054859726212e-06,2023-08-28,93,9768,96,1.0,9.042730225836437e-06,8.509054859726212e-06,0.0030071132712015418,0.002917028429708256,0.13541666666666666,0.08333333333333333,1.0
2023-09-06,2023-01-04,1.2608397255873767e-05,8.271470018870518e-06,2023-08-30,94,9866,80,1.0,1.2608397255873767e-05,8.271470018870518e-06,0.003550830502273203,0.0028760163453761035,0.05,0.0375,1.0
2023-09-08,2023-01-04,7.1101469731734545e-06,5.763133849781453e-06,2023-09-01,95,9962,105,100.0,7.1101469731734545e-06,5.763133849781453e-06,0.002666485884675457,0.002400652796591263,0.19047619047619047,0.11428571428571428,1.0
2023-09-11,2023-01-04,1.0454817878866876e-05,9.601269296024076e-06,2023-09-06,96,10042,69,1.0,1.0454817878866876e-05,9.601269296024076e-06,0.003233391080408752,0.003098591501960863,0.08695652173913043,0.08695652173913043,1.0
2023-09-13,2023-01-04,1.4981800038174556e-05,1.0073449080729892e-05,2023-09-08,97,10147,90,1.0,1.4981800038174556e-05,1.0073449080729892e-05,0.003870633028094314,0.0031738697327914848,0.07777777777777778,0.08888888888888889,1.0
2023-09-15,2023-01-04,1.1651367034267515e-05,6.454451769280593e-06,2023-09-11,98,10216,111,0.01,1.1651367034267515e-05,6.454451769280593e-06,0.0034134098837185546,0.002540561309884214,0.009009009009009009,0.009009009009009009,1.0
2023-09-18,2023-01-04,1.2031664399753307e-05,6.834662266650678e-06,2023-09-13,99,10306,97,100.0,1.2031664399753307e-05,6.834662266650678e-06,0.003468668966585498,0.0026143187002832455,0.030927835051546393,0.020618556701030927,1.0
2023-09-20,2023-01-04,1.3927368335467169e-05,5.420490652030904e-06,2023-09-15,100,10417,101,100.0,1.3927368335467169e-05,5.420490652030904e-06,0.003731938951197778,0.0023281947195264627,0.07920792079207921,0.0,1.0
2023-09-22,2023-01-04,1.4909608623825592e-05,5.028507417424021e-06,2023-09-18,101,10514,119,100.0,1.4909608623825592e-05,5.028507417424021e-06,0.0038612962362172616,0.0022424333696732263,0.058823529411764705,0.0,1.0
2023-09-25,2023-01-04,1.462378006371569e-05,4.704001598132568e-06,2023-09-20,102,10615,106,100.0,1.462378006371569e-05,4.704001598132568e-06,0.0038241051324088477,0.002168871042301171,0.04716981132075472,0.0,1.0
2023-09-27,2023-01-04,1.918359034032236e-05,5.970075813419688e-06,2023-09-22,103,10734,104,0.01,1.918359034032236e-05,5.970075813419688e-06,0.0043799075721209415,0.002443373858708423,0.07692307692307693,0.0,1.0
2023-09-29,2023-01-04,1.3458083633882003e-05,3.8635902623856916e-06,2023-09-25,104,10840,118,0.01,1.3458083633882003e-05,3.8635902623856916e-06,0.0036685260846669745,0.0019656017557953317,0.3220338983050847,0.2033898305084746,1.0
2023-10-02,2023-01-04,1.3139393376098125e-05,3.715152531762424e-06,2023-09-27,105,10944,113,1.0,1.3139393376098125e-05,3.715152531762424e-06,0.0036248301168603923,0.0019274730949516324,0.05309734513274336,0.0,1.0
2023-10-04,2023-01-04,1.5956689326926253e-05,4.06266642223755e-06,2023-09-29,106,11062,106,1.0,1.5956689326926253e-05,4.06266642223755e-06,0.003994582497198707,0.0020156057209279672,0.03773584905660377,0.0,1.0
2023-10-06,2023-01-04,1.207418709662831e-05,3.4862789659281116e-06,2023-10-02,107,11175,116,1.0,1.207418709662831e-05,3.4862789659281116e-06,0.003474793101269241,0.0018671579916890032,0.0603448275862069,0.0,1.0
2023-10-09,2023-01-04,1.2045317787585229e-05,3.420294452286155e-06,2023-10-04,108,11281,104,1.0,1.2045317787585229e-05,3.420294452286155e-06,0.0034706365104379957,0.0018494038099577267,0.057692307692307696,0.0,1.0
2023-10-11,2023-01-04,1.9482033282591192e-05,9.024602204286475e-06,2023-10-06,109,11397,101,0.01,1.9482033282591192e-05,9.024602204286475e-06,0.004413845634205074,0.0030040975690357455,0.09900990099009901,0.039603960396039604,1.0
2023-10-13,2023-01-04,1.438232592902048e-05,3.782969679876354e-06,2023-10-09,110,11501,117,0.01,1.438232592902048e-05,3.782969679876354e-06,0.003792403713876,0.0019449857788365328,0.10256410256410256,0.05128205128205128,1.0
2023-10-16,2023-01-04,1.6857559521654318e-05,5.541747583784965e-06,2023-10-11,111,11602,105,0.01,1.6857559521654318e-05,5.541747583784965e-06,0.004105795845101692,0.0023540916685178097,0.0380952380952381,0.01904761904761905,1.0
2023-10-18,2023-01-04,2.533863157804109e-05,8.833681901252783e-06,2023-10-13,112,11719,107,0.01,2.533863157804109e-05,8.833681901252783e-06,0.005033749256572191,0.002972151056264264,0.11214953271028037,0.056074766355140186,1.0
2023-10-20,2023-01-04,2.5055126983296507e-05,7.1904200893863725e-06,2023-10-16,113,11824,127,0.01,2.5055126983296507e-05,7.1904200893863725e-06,0.005005509662691353,0.0026814958678667345,0.10236220472440945,0.007874015748031496,1.0
2023-10-23,2023-01-04,2.856899747943236e-05,1.2711660691035256e-05,2023-10-18,114,11931,103,0.01,2.856899747943236e-05,1.2711660691035256e-05,0.005344997425577711,0.0035653415952802132,0.07766990291262135,0.11650485436893204,1.0
2023-10-25,2023-01-04,2.5152445396561205e-05,8.658506650060533e-06,2023-10-20,115,12058,110,0.01,2.5152445396561205e-05,8.658506650060533e-06,0.005015221370643693,0.002942534052489543,0.2909090909090909,0.17272727272727273,1.0
2023-10-27,2023-01-04,2.146984180136054e-05,6.665578335440202e-06,2023-10-23,116,12161,126,0.01,2.146984180136054e-05,6.665578335440202e-06,0.004633556064337685,0.002581778134433748,0.0873015873015873,0.0,1.0
2023-10-30,2023-01-04,1.884072387009579e-05,4.304402125869578e-06,2023-10-25,117,12271,114,0.01,1.884072387009579e-05,4.304402125869578e-06,0.004340590267474666,0.002074705310609094,0.07894736842105263,0.0,1.0
2023-11-03,2023-01-04,5.906621294496006e-06,4.92049109644648e-06,2023-10-27,118,12397,116,0.01,5.906621294496006e-06,4.92049109644648e-06,0.0024303541500151796,0.0022182180002079327,0.13793103448275862,0.02586206896551724,1.0
2023-11-06,2023-01-04,6.389790703971742e-06,5.992075729744387e-06,2023-10-30,119,12511,90,0.01,6.389790703971742e-06,5.992075729744387e-06,0.0025278035334993384,0.0024478716734633757,0.2111111111111111,0.022222222222222223,1.0
2023-11-09,2023-01-04,5.316429514754733e-06,4.543716923472018e-06,2023-11-03,120,12627,101,1.0,5.316429514754733e-06,4.543716923472018e-06,0.002305738388186035,0.002131599616126823,0.21782178217821782,0.0594059405940594,1.0
2023-11-10,2023-01-04,4.255200622811024e-06,5.873377423447147e-06,2023-11-06,121,12717,108,1.0,4.255200622811024e-06,5.873377423447147e-06,0.002062813763482061,0.0024235051936084533,0.21296296296296297,0.046296296296296294,1.0
2023-11-13,2023-01-04,4.229125307910334e-06,5.253040628032839e-06,2023-11-09,122,12818,93,1.0,4.229125307910334e-06,5.253040628032839e-06,0.0020564837242026336,0.002291951270867869,0.17204301075268819,0.043010752688172046,1.0
2023-11-16,2023-01-04,5.783745955054138e-06,1.0570929427302272e-05,2023-11-10,123,12926,92,1.0,5.783745955054138e-06,1.0570929427302272e-05,0.002404941985798023,0.003251296576337242,0.17391304347826086,0.08695652173913043,1.0
2023-11-17,2023-01-04,6.1563792297112815e-06,9.719065426687481e-06,2023-11-13,124,13019,104,1.0,6.1563792297112815e-06,9.719065426687481e-06,0.002481205197018433,0.0031175415677561513,0.23076923076923078,0.15384615384615385,1.0
2023-11-20,2023-01-04,6.208170386701358e-06,8.744377747192843e-06,2023-11-16,125,13111,98,100.0,6.208170386701358e-06,8.744377747192843e-06,0.002491620032569444,0.0029570894046668326,0.24489795918367346,0.20408163265306123,1.0
2023-11-21,2023-01-04,8.636537084123273e-06,1.4432200780705706e-05,2023-11-17,126,13215,89,100.0,8.636537084123273e-06,1.4432200780705706e-05,0.0029387985783519213,0.003798973648329994,0.14606741573033707,0.2247191011235955,1.0
2023-11-22,2023-01-04,6.887801485141973e-06,1.3707211579827929e-05,2023-11-20,127,13313,94,100.0,6.887801485141973e-06,1.3707211579827929e-05,0.0026244621325410607,0.003702325158576422,0.18085106382978725,0.2553191489361702,1.0
2023-11-24,2023-01-04,6.871509186303703e-06,1.247647032465976e-05,2023-11-21,128,13402,99,100.0,6.871509186303703e-06,1.247647032465976e-05,0.002621356363851299,0.003532204739912419,0.2828282828282828,0.29292929292929293,1.0
2023-11-27,2023-01-04,5.811670550452275e-06,1.1425923210799693e-05,2023-11-22,129,13496,95,100.0,5.811670550452275e-06,1.1425923210799693e-05,0.0024107406642881095,0.003380225319531184,0.2631578947368421,0.2631578947368421,1.0
2023-11-29,2023-01-04,4.523092547414243e-06,1.0456922515434783e-05,2023-11-24,130,13595,93,100.0,4.523092547414243e-06,1.0456922515434783e-05,0.0021267563441575163,0.003233716517481825,0.25806451612903225,0.20430107526881722,1.0
2023-12-01,2023-01-04,6.21432397268573e-06,9.422802472444994e-06,2023-11-27,131,13690,102,100.0,6.21432397268573e-06,9.422802472444994e-06,0.0024928545831407276,0.0030696583641253946,0.29411764705882354,0.3235294117647059,1.0
2023-12-04,2023-01-04,8.437260051879694e-06,1.1292222311165192e-05,2023-11-29,132,13783,88,1.0,8.437260051879694e-06,1.1292222311165192e-05,0.0029046962064697393,0.003360390202218366,0.2159090909090909,0.25,1.0
2023-12-06,2023-01-04,7.651619380301373e-06,1.0520054380636278e-05,2023-12-01,133,13885,82,100.0,7.651619380301373e-06,1.0520054380636278e-05,0.002766156065789017,0.003243463331168749,0.25609756097560976,0.2926829268292683,1.0
2023-12-08,2023-01-04,1.2141514431275757e-05,1.6814216616689164e-05,2023-12-04,134,13973,72,100.0,1.2141514431275757e-05,1.6814216616689164e-05,0.003484467596531177,0.004100514189304698,0.09722222222222222,0.125,1.0
2023-12-11,2023-01-04,1.1010772314454076e-05,1.5115179267536044e-05,2023-12-06,135,14055,72,100.0,1.1010772314454076e-05,1.5115179267536044e-05,0.003318248380464319,0.0038878244903205244,0.1527777777777778,0.1111111111111111,1.0
2023-12-13,2023-01-04,1.0013059699505282e-05,1.670907941295388e-05,2023-12-08,136,14127,67,100.0,1.0013059699505282e-05,1.670907941295388e-05,0.0031643419062271512,0.0040876740835044416,0.1044776119402985,0.14925373134328357,1.0
2023-12-15,2023-01-04,1.0194956212782513e-05,1.1434629372872562e-05,2023-12-11,137,14199,100,100.0,1.0194956212782513e-05,1.1434629372872562e-05,0.0031929541513749478,0.0033815128822573723,0.22,0.17,1.0
2023-12-18,2023-01-04,7.63596790587076e-06,8.207697480503413e-06,2023-12-13,138,14266,99,100.0,7.63596790587076e-06,8.207697480503413e-06,0.0027633255157275194,0.0028649079357814296,0.2727272727272727,0.16161616161616163,1.0
2023-12-20,2023-01-04,9.510016303110572e-06,7.41201652384686e-06,2023-12-15,139,14366,106,100.0,9.510016303110572e-06,7.41201652384686e-06,0.003083831432343631,0.0027225018868399084,0.3113207547169811,0.19811320754716982,1.0
2023-12-22,2023-01-04,7.2928834130874925e-06,6.861097789598412e-06,2023-12-18,140,14465,109,100.0,7.2928834130874925e-06,6.861097789598412e-06,0.002700533912597191,0.0026193697313663857,0.2018348623853211,0.09174311926605505,1.0
2023-12-27,2023-01-04,8.420733248364987e-06,9.925304530213372e-06,2023-12-20,141,14571,91,100.0,8.420733248364987e-06,9.925304530213372e-06,0.0029018499699958625,0.0031504451320747313,0.06593406593406594,0.01098901098901099,1.0
2023-12-29,2023-01-04,6.9170568172287774e-06,7.93819131464345e-06,2023-12-22,142,14680,98,100.0,6.9170568172287774e-06,7.93819131464345e-06,0.0026300298129923886,0.00281747960323468,0.24489795918367346,0.15306122448979592,1.0
